"","PC1","PC2","PC3"
"Standard deviation",0.206595179448554,0.038473530824441,0.0232564839231625
"Proportion of Variance",0.95479,0.03311,0.0121
"Cumulative Proportion",0.95479,0.9879,1
